{
  "base_url": "https://your-jira-server.example.com",
  "username": "your.jira.id@your-company.com",
  "api_token": "YOUR_PASSWORD_OR_PAT",
  "project_key": "KVHSICCU",
  "project_id": 41500,
  "endpoints": {
    "jira_attachment_add": "/rest/api/2/issue/{key}/attachments",
    "jira_attachment_delete": "/rest/api/2/attachment/{id}",
    "jira_issue_comment": "/rest/api/2/issue/{key}/comment/{id}",
    "jira_issue_comments": "/rest/api/2/issue/{key}/comment",
    "jira_issue_create": "/rest/api/2/issue",
    "jira_issue_get": "/rest/api/2/issue/{key}",
    "jira_issue_link": "/rest/api/2/issueLink",
    "jira_issue_link_types": "/rest/api/2/issueLinkType",
    "jira_priorities": "/rest/api/2/priority",
    "jira_project": "/rest/api/2/project/{projectKey}",
    "jira_search": "/rest/api/2/search",
    "jira_statuses": "/rest/api/2/status",
    "rtm_defect": "/rest/rtm/1.0/api/defect/{testKey}",
    "rtm_defect_create": "/rest/rtm/1.0/api/defect",
    "rtm_requirement": "/rest/rtm/1.0/api/requirement/{testKey}",
    "rtm_requirement_create": "/rest/rtm/1.0/api/requirement",
    "rtm_tce": "/rest/rtm/1.0/api/test-case-execution/{testKey}",
    "rtm_tce_attachment": "/rest/rtm/1.0/api/test-case-execution/{testKey}/attachment/{attachmentId}",
    "rtm_tce_comment": "/rest/rtm/1.0/api/test-case-execution-comment/comments/{id}",
    "rtm_tce_comments": "/rest/rtm/1.0/api/test-case-execution-comment/{testKey}/comments",
    "rtm_tce_defect": "/rest/rtm/1.0/api/test-case-execution/{testKey}/defect",
    "rtm_tce_defect_item": "/rest/rtm/1.0/api/test-case-execution/{testKey}/defect/{defectTestKey}",
    "rtm_tce_step_comment": "/rest/rtm/1.0/api/test-case-execution/{testKey}/step/{stepIndex}/comment",
    "rtm_tce_step_status": "/rest/rtm/1.0/api/test-case-execution/{testKey}/step/{stepIndex}/status",
    "rtm_test_case": "/rest/rtm/1.0/api/test-case/{testKey}",
    "rtm_test_case_create": "/rest/rtm/1.0/api/test-case",
    "rtm_test_execution": "/rest/rtm/1.0/api/test-execution/{testKey}",
    "rtm_test_execution_create": "/rest/rtm/1.0/api/test-execution",
    "rtm_test_plan": "/rest/rtm/1.0/api/test-plan/{testKey}",
    "rtm_test_plan_create": "/rest/rtm/1.0/api/test-plan",
    "rtm_testcase_steps": "/rest/rtm/1.0/api/test-case/{testKey}/steps",
    "rtm_testexecution": "/rest/rtm/1.0/api/test-execution/{testKey}",
    "rtm_testexecution_execute": "/rest/rtm/1.0/api/test-execution/execute/{testPlanKey}",
    "rtm_testexecution_testcases": "/rest/rtm/1.0/api/test-execution/{testKey}/testcases",
    "rtm_testplan_testcases": "/rest/rtm/1.0/api/test-plan/{testKey}/testcases",
    "tree_folder_create": "/rest/rtm/1.0/api/tree/{projectId}/folder",
    "tree_folder_delete": "/rest/rtm/1.0/api/tree/{testKey}/folder",
    "tree_folder_update": "/rest/rtm/1.0/api/tree/{testKey}/folder",
    "tree_get": "/rest/rtm/1.0/api/tree/{projectId}/{treeType};/rest/rtm/1.0/api/v2/tree/{projectId}/{treeType}"
  }
}